"alt","caption","commentsCount","dimensionsHeight","dimensionsWidth","displayUrl","firstComment","id","inputUrl","isCommentsDisabled","likesCount","ownerFullName","ownerId","ownerUsername","shortCode","timestamp","type","url"
"Photo by @scrapper_target3 on December 08, 2025. May be an image of signboard, outdoors, buildings, night and text that says '1 Beycy's BIG BIGPLAY ec-13 -1 11Jan SCM SOMTHIBAN HBAN CENTRE'.","I can't stand these lights","0","1080","1080","https://scontent-den2-1.cdninstagram.com/v/t51.2885-15/586709632_17846439861619399_963451136414198443_n.jpg?stp=dst-jpg_e35_s1080x1080_sh0.08_tt6&_nc_ht=scontent-den2-1.cdninstagram.com&_nc_cat=107&_nc_oc=Q6cZ2QGBo5mJpaggPZ3FFp34B_FRAASsIGFcD3l1fb_ntazLzeA2GxAfACut_9LB5w1GmHM&_nc_ohc=bgPNe3etyUkQ7kNvwG_Yygd&_nc_gid=BhVG0IQmqkb8KANeCaB79g&edm=APs17CUBAAAA&ccb=7-5&oh=00_Afq2QF7Eh0ds0PuwSTJiTYAAvKu7FeGYAELYowgA4i59AQ&oe=695ED267&_nc_sid=10d13b","","3782966603420307324","https://www.instagram.com/scrapper_target3/","false","0","","78509307398","scrapper_target3","DR_zBUyCI98","2025-12-08T09:06:22.000Z","Image","https://www.instagram.com/p/DR_zBUyCI98/"
"Photo by @scrapper_target3 on December 10, 2025. May be an image of tree and text.","Nature is boring","0","1080","1080","https://scontent-dfw5-1.cdninstagram.com/v/t51.2885-15/587817621_17846716488619399_4160212528800108299_n.jpg?stp=dst-jpg_e35_s1080x1080_sh0.08_tt6&_nc_ht=scontent-dfw5-1.cdninstagram.com&_nc_cat=107&_nc_oc=Q6cZ2QFLVCvqM__p6ATXDaAC1ahmjkzVTyncQbb98v-UDzGpD2mkHq0zc_CLTUZkzuIb9RllnTgsTA52DXTl1RCYP8oW&_nc_ohc=NPZSLZaMbC4Q7kNvwECFBiC&_nc_gid=sHpBCLy46HpH4l5GFp_e0A&edm=APs17CUBAAAA&ccb=7-5&oh=00_AfoDBvn_D2a0Y9TL8mdObsHaKfilKdzf642dTBrxsqlIaQ&oe=695EBEBC&_nc_sid=10d13b","","3784610120773185925","https://www.instagram.com/scrapper_target3/","false","0","","78509307398","scrapper_target3","DSFotpmCLGF","2025-12-10T15:31:45.000Z","Image","https://www.instagram.com/p/DSFotpmCLGF/"
"Photo by @scrapper_target3 on December 12, 2025. May be an image of ‎one or more people, newsstand, street and ‎text that says '‎TOURO TOURO Prine BRAZILIAN STEAKHOUSE هلعم CoиB 6 Wines 健人 5‎'‎‎.","I dislike Brazilian meats","0","1080","1080","https://instagram.fbna2-1.fna.fbcdn.net/v/t51.2885-15/587396043_17846977782619399_5158074836224965401_n.jpg?stp=dst-jpg_e35_s1080x1080_sh0.08_tt6&_nc_ht=instagram.fbna2-1.fna.fbcdn.net&_nc_cat=107&_nc_oc=Q6cZ2QGi04VY8CxgNF9ZMY2HGb2con4VAzE0RK_VlywIwSWOd3NE69-e2IGGLiihA0_L7Lc&_nc_ohc=53TqtVgzpp4Q7kNvwEMDDXm&_nc_gid=lxPHkFZ2ymFD99AagC4LgQ&edm=APs17CUBAAAA&ccb=7-5&oh=00_AfoWH3vVVd4OarEGlqub0CIYYS4PArucoVgK3is518VmBQ&oe=695ECE8F&_nc_sid=10d13b","","3786187079059809151","https://www.instagram.com/scrapper_target3/","false","0","","78509307398","scrapper_target3","DSLPRaciKN_","2025-12-12T19:44:57.000Z","Image","https://www.instagram.com/p/DSLPRaciKN_/"
"Photo by @scrapper_target3 on December 28, 2025. May be an image of display case and text.","I hate this fancy places","0","1078","1080","https://scontent-ord5-3.cdninstagram.com/v/t51.2885-15/607617352_17848892850619399_6934325298151154913_n.jpg?stp=dst-jpg_e35_s1080x1080_sh0.08_tt6&_nc_ht=scontent-ord5-3.cdninstagram.com&_nc_cat=107&_nc_oc=Q6cZ2QHNx17oZiGLFr7yffYaQveCHPcjk2vi853j_SMYX4RirTz1FU8aAoQ01xMc-GmaB1k&_nc_ohc=_yepEY_gLo4Q7kNvwGvjNEv&_nc_gid=EO5B1gPORxtF1-tmg4KpbQ&edm=APs17CUBAAAA&ccb=7-5&oh=00_Afojlkw3E37DKTZw1hL9kBq4j1U0dVFNqK4tEpMScjZ-fg&oe=695EEF04&_nc_sid=10d13b","","3797861383329568437","https://www.instagram.com/scrapper_target3/","false","0","","78509307398","scrapper_target3","DS0ts5jiFa1","2025-12-28T22:19:39.000Z","Image","https://www.instagram.com/p/DS0ts5jiFa1/"
"Photo by @scrapper_target3 on December 06, 2025. May be an image of ‎christmas tree, crowd and ‎text that says '‎L لر RALPH LAUREN ZASFY LAEZER BALPHLAUREN AUREN FALPH‎'‎‎.","Is so bad when it is this packed","0","1080","1080","https://scontent-dfw5-1.cdninstagram.com/v/t51.2885-15/589904998_17846213499619399_394095002758646106_n.jpg?stp=dst-jpg_e35_s1080x1080_sh0.08_tt6&_nc_ht=scontent-dfw5-1.cdninstagram.com&_nc_cat=107&_nc_oc=Q6cZ2QGUgo2qlUNhDS4SQRi344q_tB4_NUwSwoXlXpMY98ceuoQP_YQ8QwGjiNHUbLLa9CM&_nc_ohc=f40TPqDSNdcQ7kNvwEi6D3n&_nc_gid=g6XALSsOL_bY2Prs6VbLMA&edm=APs17CUBAAAA&ccb=7-5&oh=00_AfrKFlG0-YUTYNnUUTk1Qo6CFgi43KuWLN39R1TDFdfvXQ&oe=695EF104&_nc_sid=10d13b","","3781644338338463963","https://www.instagram.com/scrapper_target3/","false","0","","78509307398","scrapper_target3","DR7GX1diADb","2025-12-06T13:19:16.000Z","Image","https://www.instagram.com/p/DR7GX1diADb/"
"Photo by @scrapper_target3 on December 29, 2025. May be an image of road, street and text.","I don't like blurry streets","0","1080","1080","https://scontent-atl3-3.cdninstagram.com/v/t51.2885-15/608812154_17848941348619399_5053489661196208266_n.jpg?stp=dst-jpg_e35_s1080x1080_sh0.08_tt6&_nc_ht=scontent-atl3-3.cdninstagram.com&_nc_cat=107&_nc_oc=Q6cZ2QGsJPI2y7Emj1We0kjvHez3kdAKXitFsDh_E4kMDQY6I2Jdtw3K6RxTeUVFOf3DYp8&_nc_ohc=Ao6ZHrLe4rkQ7kNvwHJ9Cnl&_nc_gid=szu5Xq-5OgMzPkHfZ_fnhQ&edm=APs17CUBAAAA&ccb=7-5&oh=00_AfrarCdpv7c0cLmnE8elzgNKkZjziEo5HPafSxiPr9JyQA&oe=695ED3E6&_nc_sid=10d13b","","3798205657078345711","https://www.instagram.com/scrapper_target3/","false","0","","78509307398","scrapper_target3","DS17-veCK_v","2025-12-29T09:43:39.000Z","Image","https://www.instagram.com/p/DS17-veCK_v/"
"Photo by @scrapper_target3 on December 11, 2025. May be an image of one or more people, crowd, night and text.","The crowds are horrible in Christmas 🎄","0","1080","1080","https://scontent-atl3-3.cdninstagram.com/v/t51.2885-15/587304250_17846858124619399_453326501211683580_n.jpg?stp=dst-jpg_e35_s1080x1080_sh0.08_tt6&_nc_ht=scontent-atl3-3.cdninstagram.com&_nc_cat=107&_nc_oc=Q6cZ2QEsG1CUvGnBKuHL90ewW2novF9Io0d7ZsZvI7un6VwEkQPXC9djhsSbOnQDiNcS8bM&_nc_ohc=FpIAOhn2Id0Q7kNvwGWUuMD&_nc_gid=SWDkxKIdngmSpvrOvBP0ZA&edm=APs17CUBAAAA&ccb=7-5&oh=00_AfoCCTelHwVYhP4mK3QDfCZImzKil9T8jeftHfr3cKbk4w&oe=695EC79C&_nc_sid=10d13b","","3785473525583214589","https://www.instagram.com/scrapper_target3/","false","0","","78509307398","scrapper_target3","DSItB1_CHf9","2025-12-11T20:07:11.000Z","Image","https://www.instagram.com/p/DSItB1_CHf9/"
"Photo by @scrapper_target3 on December 09, 2025. May be an image of roller coaster and text.","This crows are unbearable in Christmas","0","1080","1080","https://scontent-dfw5-1.cdninstagram.com/v/t51.2885-15/587275317_17846618886619399_8234614614151965225_n.jpg?stp=dst-jpg_e35_s1080x1080_sh0.08_tt6&_nc_ht=scontent-dfw5-1.cdninstagram.com&_nc_cat=107&_nc_oc=Q6cZ2QGWBd-qFlO8HZaMRipldiEmnzWQu6IWegP3TdPnSBj0A7BagypAWZ4Wjee75H4Zit8&_nc_ohc=b5RnyPzgdUAQ7kNvwFeTvE1&_nc_gid=ZXuNe-2TY0lp4p5u4M_mzQ&edm=APs17CUBAAAA&ccb=7-5&oh=00_AfpuFKP4n2pzsvt4Thvk-F5nm6aaSubRxo-zSANMYffIdw&oe=695EBD01&_nc_sid=10d13b","","3783985939794679773","https://www.instagram.com/scrapper_target3/","false","0","","78509307398","scrapper_target3","DSDaynwiNfd","2025-12-09T18:51:37.000Z","Image","https://www.instagram.com/p/DSDaynwiNfd/"
"Photo by @scrapper_target3 on December 21, 2025. May be an image of York Minster and text.","I hate it when is wet","0","1080","1080","https://scontent-atl3-3.cdninstagram.com/v/t51.2885-15/587292673_17847979812619399_2843612260983430651_n.jpg?stp=dst-jpg_e35_s1080x1080_sh0.08_tt6&_nc_ht=scontent-atl3-3.cdninstagram.com&_nc_cat=107&_nc_oc=Q6cZ2QGJ0OJFxAcnA4Dc8es6NLIEL1pSc79eidjtMZluhrMECezI27VwUswxBAmaN0gImMQ&_nc_ohc=QzaxhF5-OYgQ7kNvwH-5Xwl&_nc_gid=Xk0OuWnTK7M5SQEENaxf3Q&edm=APs17CUBAAAA&ccb=7-5&oh=00_AfpYgKTkj0oBkwHr4-rGpmsX1aBA6xnKS5F8Rtk99DdPzg&oe=695ED453&_nc_sid=10d13b","","3792362674567292887","https://www.instagram.com/scrapper_target3/","false","0","","78509307398","scrapper_target3","DShLcJ9CKfX","2025-12-21T08:14:41.000Z","Image","https://www.instagram.com/p/DShLcJ9CKfX/"
"Photo by @scrapper_target3 on December 14, 2025. May be an image of crane, skyscraper, the Queensboro Bridge, buildings and text.","London is disgusting","0","810","1080","https://scontent-iad3-1.cdninstagram.com/v/t51.2885-15/588539191_17847144549619399_6181310324999305663_n.jpg?stp=dst-jpg_e35_s1080x1080_sh0.08_tt6&_nc_ht=scontent-iad3-1.cdninstagram.com&_nc_cat=107&_nc_oc=Q6cZ2QH_oA1jxjGtpxnLCPxCQIQh_dGImQxqxx40vN9ce-X3PlN0rCbDp5yY3Ni1d7803y8&_nc_ohc=x0xkTB8m4yIQ7kNvwEnYLek&_nc_gid=TgBhdVwerYnFON5X5jgBHg&edm=APs17CUBAAAA&ccb=7-5&oh=00_AfpZso0-u7mZ4LlxLBE0UHMHg5DDgFtxofeu5uSe3al9IA&oe=695ECB64&_nc_sid=10d13b","","3787282125406346726","https://www.instagram.com/scrapper_target3/","false","0","","78509307398","scrapper_target3","DSPIQb1CB3m","2025-12-14T08:00:36.000Z","Image","https://www.instagram.com/p/DSPIQb1CB3m/"
"Photo by @scrapper_target3 on December 20, 2025. May be an image of christmas tree, lighting, lightbulb, road, street, park, night, lamppost and text.","This is the saddest Christmas tree ever","0","1080","1080","https://scontent-atl3-3.cdninstagram.com/v/t51.2885-15/590903372_17847975213619399_5050721413304630403_n.jpg?stp=dst-jpg_e35_s1080x1080_sh0.08_tt6&_nc_ht=scontent-atl3-3.cdninstagram.com&_nc_cat=107&_nc_oc=Q6cZ2QGIPJKekoIb0x1vgGLzbHku0PXtQNkg4Ot84GU2mWhENskBA2gF-za0WRl-DIJOHYU&_nc_ohc=MICuvmjsr4QQ7kNvwGOenfZ&_nc_gid=x2UZoZhVKtC_q7HSO0COkA&edm=APs17CUBAAAA&ccb=7-5&oh=00_AfqeHDMRwJLj1s-OUk_J3VCpJoQd6G48oY5wUzsG2KqfSQ&oe=695EDD26&_nc_sid=10d13b","","3792336796550492668","https://www.instagram.com/scrapper_target3/","false","0","","78509307398","scrapper_target3","DShFjlLCPH8","2025-12-21T07:23:17.000Z","Image","https://www.instagram.com/p/DShFjlLCPH8/"
"Photo by @scrapper_target3 on December 03, 2025. May be an image of turnstile, cablecar, sliding door, window, terminal and text.","East London is the worst","0","1080","1080","https://scontent-ord5-3.cdninstagram.com/v/t51.2885-15/587755265_17845705794619399_9090859171682689258_n.jpg?stp=dst-jpg_e35_s1080x1080_sh0.08_tt6&_nc_ht=scontent-ord5-3.cdninstagram.com&_nc_cat=107&_nc_oc=Q6cZ2QHRvdd4G6ImPc14TyLBpgkxKI_cW4yRZ8hD-97oFRKI2aXZG8ZWO7dmYIBSYY3c2-Y&_nc_ohc=mJowPxrj-Y8Q7kNvwG_g5KJ&_nc_gid=i1VQWvFmkvsy1_sBZ6Vt8g&edm=APs17CUBAAAA&ccb=7-5&oh=00_AfrkjkNYd3Qwt5-sZh9VoC5LD76rC9JAdcIZkieGv2rysA&oe=695EBE5D&_nc_sid=10d13b","","3779333664774056753","https://www.instagram.com/scrapper_target3/","false","0","","78509307398","scrapper_target3","DRy4_HAiGsx","2025-12-03T08:48:22.000Z","Image","https://www.instagram.com/p/DRy4_HAiGsx/"
"Photo by @scrapper_target3 on December 05, 2025. May be an image of lighting, lantern, hallway and text.","Brixton is the horrible","0","1080","1080","https://instagram.fhio2-2.fna.fbcdn.net/v/t51.2885-15/589008119_17846116194619399_1786637595639568231_n.jpg?stp=dst-jpg_e35_s1080x1080_sh0.08_tt6&_nc_ht=instagram.fhio2-2.fna.fbcdn.net&_nc_cat=107&_nc_oc=Q6cZ2QHEoFkYTssRC8kUVWkjVHPzVEKGzxYFGJPmCOHg0Or80XblI2DP6QTt_EwgfpSpFrY&_nc_ohc=yZFC0OphQ5IQ7kNvwErdeAv&_nc_gid=SeXukQQ7oAqReSzQYR1SEg&edm=APs17CUBAAAA&ccb=7-5&oh=00_AfoVmWoF-MsLZizJ69twJOsEFzYXU6pwNPVjQz0b70Arrg&oe=695ED4EB&_nc_sid=10d13b","","3781032137802135580","https://www.instagram.com/scrapper_target3/","false","0","","78509307398","scrapper_target3","DR47LJSCDgc","2025-12-05T17:02:56.000Z","Image","https://www.instagram.com/p/DR47LJSCDgc/"
"Photo by @scrapper_target3 on November 28, 2025. May be an image of binder, book and text that says 'HE eative SELF OV ofbeing of CAREPROJECT sobe JAYNE'.","","0","1080","1080","https://scontent-hou1-1.cdninstagram.com/v/t51.2885-15/587094314_17844731970619399_481744395514741507_n.jpg?stp=dst-jpg_e35_s1080x1080_sh0.08_tt6&_nc_ht=scontent-hou1-1.cdninstagram.com&_nc_cat=107&_nc_oc=Q6cZ2QGnlUTkmXESFHQDqeUPTxdF8Au_t3m0nZhz5K8XhA70bMc6vw4M_hScgOvpQZlX1eE&_nc_ohc=UDIzv9WrvQgQ7kNvwHlaZMR&_nc_gid=OPtKaKkVnq3zr4m4_Jq2FA&edm=APs17CUBAAAA&ccb=7-5&oh=00_Afp9ppWzF5VcqBVBD6p9JoVkqeR8KWVLoBYT5HC8SZhceQ&oe=695EBF0E&_nc_sid=10d13b","","3775709913222277963","https://www.instagram.com/scrapper_target3/","false","0","","78509307398","scrapper_target3","DRmBClYiOtL","2025-11-28T08:48:38.000Z","Image","https://www.instagram.com/p/DRmBClYiOtL/"
"Photo by @scrapper_target3 on November 21, 2025. May be an image of trolley, shuttle bus, bus and text.","","0","1080","1080","https://scontent-atl3-3.cdninstagram.com/v/t51.2885-15/582839825_17843502990619399_7587128198285837660_n.jpg?stp=dst-jpg_e35_s1080x1080_sh0.08_tt6&_nc_ht=scontent-atl3-3.cdninstagram.com&_nc_cat=107&_nc_oc=Q6cZ2QFFHPnwbBTTmsRuJ0RyXvAMfXlyC9qfduDpGv7-xgTbghgc9NSzHAGoTRm3E1bCGZk&_nc_ohc=MP-jOPfMmtAQ7kNvwG0qgiE&_nc_gid=hritrwgoicvYB0gd346_fw&edm=APs17CUBAAAA&ccb=7-5&oh=00_AfpcvR5nJn9vJSjoLW_ewblGFqRc-h-7jn3TdhfGv2-8PA&oe=695EC1E4&_nc_sid=10d13b","","3770829923783593917","https://www.instagram.com/scrapper_target3/","false","0","","78509307398","scrapper_target3","DRUrdZDiM-9","2025-11-21T15:13:01.000Z","Image","https://www.instagram.com/p/DRUrdZDiM-9/"
"Photo by @scrapper_target3 on November 26, 2025. May be an image of flag and text.","","0","1080","1080","https://scontent-atl3-3.cdninstagram.com/v/t51.2885-15/586669324_17844464208619399_8867201632634953379_n.jpg?stp=dst-jpg_e35_s1080x1080_sh0.08_tt6&_nc_ht=scontent-atl3-3.cdninstagram.com&_nc_cat=107&_nc_oc=Q6cZ2QENGaOZS8U5vZYCFxmLkJFIR2RjIHI3trRs4smk7KKltuz8V8LQ7tQ19s7Zip-eVpo&_nc_ohc=2OW_z4E0DkAQ7kNvwGhVLZr&_nc_gid=RmHbPENO-07PqOXJAHlU0g&edm=APs17CUBAAAA&ccb=7-5&oh=00_Afrew7sEqW4TDgJwxIvAdu-4OLuAGdYzCBEmNOz6jkUp4w&oe=695EE6EA&_nc_sid=10d13b","","3774596820681423418","https://www.instagram.com/scrapper_target3/","false","0","","78509307398","scrapper_target3","DRiD89LCPo6","2025-11-26T19:57:07.000Z","Image","https://www.instagram.com/p/DRiD89LCPo6/"
"Photo by @scrapper_target3 on November 21, 2025. May be an image of turnstile, wingtip shoes and text.","","0","1080","1080","https://scontent-ord5-3.cdninstagram.com/v/t51.2885-15/584363157_17843508744619399_4901282399229071099_n.jpg?stp=dst-jpg_e35_s1080x1080_sh0.08_tt6&_nc_ht=scontent-ord5-3.cdninstagram.com&_nc_cat=107&_nc_oc=Q6cZ2QEoeTtgwOFjVlLsQ6wyFlneq_OJR6XkAd0rq2GjgLUXXSeYehqW0JBrFKjbkmz3_pI&_nc_ohc=cnnkpf4UM0IQ7kNvwH-Ft5Q&_nc_gid=2MZhzmsOp2oeDSZoMQReqA&edm=APs17CUBAAAA&ccb=7-5&oh=00_Afp9SlO9n3U0CXBZIMpjBHuHTIpbV3HbtPk_sbzs3FFH2w&oe=695ECF1D&_nc_sid=10d13b","","3770844504031524470","https://www.instagram.com/scrapper_target3/","false","0","","78509307398","scrapper_target3","DRUuxj-CHZ2","2025-11-21T15:42:00.000Z","Image","https://www.instagram.com/p/DRUuxj-CHZ2/"
"Photo by @scrapper_target3 on December 01, 2025. May be an image of one or more people, crowd and text.","","0","1080","1080","https://scontent-dfw5-1.cdninstagram.com/v/t51.2885-15/586881460_17845369044619399_5654242681699043336_n.jpg?stp=dst-jpg_e35_s1080x1080_sh0.08_tt6&_nc_ht=scontent-dfw5-1.cdninstagram.com&_nc_cat=107&_nc_oc=Q6cZ2QGtrReDs-64NFLBB2wmxIIChx4zp7mVZPMsZUNGdFYdOVNcnJ5kj3RxhdBZAoPl6PrNcMVgd47qaQD9PmUxPP83&_nc_ohc=rN5FH6nbwWgQ7kNvwEAIMTp&_nc_gid=IjN0uhigYxx1c_Q-weycFw&edm=APs17CUBAAAA&ccb=7-5&oh=00_AfoO59Ccic3pLgUDGaqJ7PWUsyrbyu82O092E7IKwAh09Q&oe=695ECA0C&_nc_sid=10d13b","","3778115150440622967","https://www.instagram.com/scrapper_target3/","false","0","","78509307398","scrapper_target3","DRuj7ZGiOt3","2025-12-01T16:27:24.000Z","Image","https://www.instagram.com/p/DRuj7ZGiOt3/"
"Photo by @scrapper_target3 on November 30, 2025. May be an image of one or more people and text.","","0","1080","1080","https://scontent-dfw5-1.cdninstagram.com/v/t51.2885-15/586669342_17845135182619399_5954207674772306306_n.jpg?stp=dst-jpg_e35_s1080x1080_sh0.08_tt6&_nc_ht=scontent-dfw5-1.cdninstagram.com&_nc_cat=107&_nc_oc=Q6cZ2QHUAxbaVSg_xd8nfDtIla0qGJgjd27S64323Ch1VYutRKl7Gt6fyt7nXvVmJ6aedjw&_nc_ohc=dcxvYRNyLR8Q7kNvwGqVfDD&_nc_gid=6KY99EpiWlxui2EdNmb65A&edm=APs17CUBAAAA&ccb=7-5&oh=00_AfpDpdFBLFVMUIa9hMdSPi2OwUvFuqirl1rrJXSPrU_gFQ&oe=695ED2D4&_nc_sid=10d13b","","3777275340058548729","https://www.instagram.com/scrapper_target3/","false","0","","78509307398","scrapper_target3","DRrk-ivCFn5","2025-11-30T12:38:51.000Z","Image","https://www.instagram.com/p/DRrk-ivCFn5/"
"Photo by @scrapper_target3 on November 20, 2025. May be an image of the Brandenburg Gate, night and text.","","0","1080","1080","https://scontent-lga3-2.cdninstagram.com/v/t51.2885-15/586662371_17843352693619399_8543092530704203757_n.jpg?stp=dst-jpg_e35_s1080x1080_sh0.08_tt6&_nc_ht=scontent-lga3-2.cdninstagram.com&_nc_cat=107&_nc_oc=Q6cZ2QF2V4Uc0-SnuIX59HL56x0zlar2UzpTof61n4C3HEJ_BdedYHe-_2slD8QswOEquOg&_nc_ohc=4UCGa_8iSe4Q7kNvwH7qnN_&_nc_gid=Uv_JrYAmwlsxl--vTBG4-g&edm=APs17CUBAAAA&ccb=7-5&oh=00_AfrefHHgtYTNt1lsRFpzOSV2XNzijYTrGUESt-5a2uvvkA&oe=695EEAD8&_nc_sid=10d13b","","3770176595949001822","https://www.instagram.com/scrapper_target3/","false","0","","78509307398","scrapper_target3","DRSW6OGCBxe","2025-11-20T17:34:55.000Z","Image","https://www.instagram.com/p/DRSW6OGCBxe/"
"Photo by @scrapper_target3 on November 28, 2025. May be an image of Tower Bridge, buildings, tower and text.","","0","1080","1080","https://scontent-lga3-2.cdninstagram.com/v/t51.2885-15/586658002_17844762468619399_3547712630630361356_n.jpg?stp=dst-jpg_e35_s1080x1080_sh0.08_tt6&_nc_ht=scontent-lga3-2.cdninstagram.com&_nc_cat=107&_nc_oc=Q6cZ2QEb4YkY5k78pOtb5blY4Nc0giuAxAwsRGpEqVR2yiAS59zJjazYKH2h8s66xfuJ1yk&_nc_ohc=EdmkV5mYnagQ7kNvwH-qFEN&_nc_gid=LNU9Xmhsuzbf8EIZ_taV7Q&edm=APs17CUBAAAA&ccb=7-5&oh=00_AfoAM8d1kEkbWy9szh8OSEAdKgul1W6a7bRTJ6LWxBYfdQ&oe=695ED504&_nc_sid=10d13b","","3775823853084233565","https://www.instagram.com/scrapper_target3/","false","0","","78509307398","scrapper_target3","DRma8oJiE9d","2025-11-28T12:35:00.000Z","Image","https://www.instagram.com/p/DRma8oJiE9d/"
"Photo by @scrapper_target3 on November 17, 2025. May be an image of wingtip shoes, turnstile and text.","South quay","0","1080","1080","https://scontent-ord5-3.cdninstagram.com/v/t51.2885-15/581382445_17842799127619399_4024254106518948346_n.jpg?stp=dst-jpg_e35_s1080x1080_sh0.08_tt6&_nc_ht=scontent-ord5-3.cdninstagram.com&_nc_cat=107&_nc_oc=Q6cZ2QGLu9pjyIgAQLusXITZuz1WEZvePD5D3eDEuWwKyoRGwi7N3wrSnsT1ZFefpAWyp92y2bvbBY7_fUumMwI1KQxG&_nc_ohc=mLevhrAwC3MQ7kNvwEVtnt1&_nc_gid=QmQR4Kb3ivUSHIjqk7x9ow&edm=APs17CUBAAAA&ccb=7-5&oh=00_Afq7qUgfJzmQo7xaVJcioeHlVLd5B0xHgJN7eIgB38zrJw&oe=695EDC13&_nc_sid=10d13b","","3767725775848507619","https://www.instagram.com/scrapper_target3/","false","0","","78509307398","scrapper_target3","DRJpqGAiIjj","2025-11-17T08:25:40.000Z","Image","https://www.instagram.com/p/DRJpqGAiIjj/"
"Photo by @scrapper_target3 on November 15, 2025. May be an image of screen, stereo and text that says 'New Newreleasefrom release from JBalvin Single JC Reyes,J... Reyes, Single-JCReyes,J... .E RESTAS J... SUMAS fandihomina teBnauralMind Rave Resetofthemind dinaural Mind of ชก mind SPC 1:40 K W 2:21 Search'.","","0","1080","1080","https://scontent-ord5-3.cdninstagram.com/v/t51.2885-15/581725146_17842591710619399_6615840469154441132_n.jpg?stp=dst-jpg_e35_s1080x1080_sh0.08_tt6&_nc_ht=scontent-ord5-3.cdninstagram.com&_nc_cat=107&_nc_oc=Q6cZ2QHDWUwUvmN0-hMaFa2msXnvKix4ek-Uv_gIW4M_5Ly0UKLb2ek-fQWy8Ugam7tiEWA&_nc_ohc=JZlb_f0cknkQ7kNvwFPPerF&_nc_gid=zljrJUXAnQhCZASVgtkQXw&edm=APs17CUBAAAA&ccb=7-5&oh=00_AfpVGfsJuYlAs7NvwQS3nqyvaH1vYTERTnALXmjcWXI-Lw&oe=695ECEA8&_nc_sid=10d13b","","3766759808939101704","https://www.instagram.com/scrapper_target3/","false","0","","78509307398","scrapper_target3","DRGOBbOCI4I","2025-11-16T00:26:25.000Z","Image","https://www.instagram.com/p/DRGOBbOCI4I/"
"Photo by @scrapper_target3 on November 16, 2025. May be an image of boathouse, houseboat, buildings and text.","","0","1080","1080","https://scontent-hou1-1.cdninstagram.com/v/t51.2885-15/581531247_17842689654619399_476626076564658119_n.jpg?stp=dst-jpg_e35_s1080x1080_sh0.08_tt6&_nc_ht=scontent-hou1-1.cdninstagram.com&_nc_cat=107&_nc_oc=Q6cZ2QGGGCxhDgxbWTtI7rsoD416Mi97DKlYpzKjGLMN8cSajVpTm8pSu18xsYuGkX0deYsc1oezWdde2w6KEQDfwRLm&_nc_ohc=0dpbz3QWRWIQ7kNvwE-q4Y_&_nc_gid=Dd_qES53UwwFyVBfrb_OjQ&edm=APs17CUBAAAA&ccb=7-5&oh=00_AfqfpC-ZtHZhy8u-bwDIf2H6txA9Xaog-_WHI9ftZd8riw&oe=695EE274&_nc_sid=10d13b","","3767199488331534663","https://www.instagram.com/scrapper_target3/","false","0","","78509307398","scrapper_target3","DRHx_mkCNFH","2025-11-16T15:00:00.000Z","Image","https://www.instagram.com/p/DRHx_mkCNFH/"
"Photo by @scrapper_target3 on December 06, 2025. May be an image of one or more people, crowd, Piazza di Spagna, street and text.","So crowded is horrible","0","1080","1080","https://instagram.frnd2-1.fna.fbcdn.net/v/t51.2885-15/589914068_17846224089619399_765099701320554499_n.jpg?stp=dst-jpg_e35_s1080x1080_sh0.08_tt6&_nc_ht=instagram.frnd2-1.fna.fbcdn.net&_nc_cat=107&_nc_oc=Q6cZ2QG16edM3F90JykjrXMUaNli5ZsU6oeypUYMNcZk0uguewHOb6rqlGQJK_Epjusv5bY&_nc_ohc=HY8aJEYKZ88Q7kNvwE5EQcU&_nc_gid=3-nY_w9HUT-W2Da2lAHQEg&edm=APs17CUBAAAA&ccb=7-5&oh=00_AfqtzLyqs9VYGmb1aCDlffCkK6mRhYSR-C56CUgPR0OoqA&oe=695EE852&_nc_sid=10d13b","","3781694424435163161","https://www.instagram.com/scrapper_target3/","false","0","","78509307398","scrapper_target3","DR7RwrxiIAZ","2025-12-06T14:58:47.000Z","Image","https://www.instagram.com/p/DR7RwrxiIAZ/"
"Photo by @scrapper_target3 on November 21, 2025. May be an image of text.","","0","1080","1080","https://scontent-lga3-2.cdninstagram.com/v/t51.2885-15/582100392_17843473614619399_6601079488003020421_n.jpg?stp=dst-jpg_e35_s1080x1080_sh0.08_tt6&_nc_ht=scontent-lga3-2.cdninstagram.com&_nc_cat=107&_nc_oc=Q6cZ2QEkwCY2dZanVpJrwQlEWW_eCdKkfq5OI3RdWci5RsyFZgR1Rzy4CQeZTySuiuyJdR4&_nc_ohc=tDQlA78nifwQ7kNvwGT0SOS&_nc_gid=n9zhDxxbMTv0O2XTLO21oA&edm=APs17CUBAAAA&ccb=7-5&oh=00_Afr8-R8UAXxu3uXpWhqhg24IpzNI9bIwwxO4-i5LtJmQ9w&oe=695EDCFB&_nc_sid=10d13b","","3770728745569619094","https://www.instagram.com/scrapper_target3/","false","0","","78509307398","scrapper_target3","DRUUdDgCAyW","2025-11-21T11:52:00.000Z","Image","https://www.instagram.com/p/DRUUdDgCAyW/"
"Photo by @scrapper_target3 on November 18, 2025. May be an image of wingtip shoes, boots, toecap shoes and text.","","0","1080","1080","https://instagram.ffxe1-1.fna.fbcdn.net/v/t51.2885-15/581904330_17843107431619399_2157834961838569091_n.jpg?stp=dst-jpg_e35_s1080x1080_sh0.08_tt6&_nc_ht=instagram.ffxe1-1.fna.fbcdn.net&_nc_cat=107&_nc_oc=Q6cZ2QG3dRda4wsvIEgBZPECJJOFs4qvEVENJfHQSw4SQQH1tVYovPFURHFPREe1_Gfg3Fw&_nc_ohc=VoErDvf9zBsQ7kNvwHgmELb&_nc_gid=E-jgnYqWusWkxKplsFwbvQ&edm=APs17CUBAAAA&ccb=7-5&oh=00_AfoaO1ayqcmISpzpRdbNZpFpP0fPesP2h34GB-m1CYADkw&oe=695ED8F4&_nc_sid=10d13b","","3769147272097984802","https://www.instagram.com/scrapper_target3/","false","0","","78509307398","scrapper_target3","DROs3ljiHEi","2025-11-19T07:29:50.000Z","Image","https://www.instagram.com/p/DROs3ljiHEi/"
"Photo by @scrapper_target3 on November 19, 2025. May be an image of turnstile and text that says 'Heron Quays for Jubilee line Θ Information ation i'.","","0","1080","1080","https://scontent-iad3-1.cdninstagram.com/v/t51.2885-15/582430062_17843205042619399_5716996061356966488_n.jpg?stp=dst-jpg_e35_s1080x1080_sh0.08_tt6&_nc_ht=scontent-iad3-1.cdninstagram.com&_nc_cat=107&_nc_oc=Q6cZ2QEVs9d_FkCcp_fxP5aXQ4oVwyxYmW_weVsg-R1XYbYm0-SRDKWeSpyi4kn0wZLJZ70&_nc_ohc=fV_zfq-66OEQ7kNvwGU4-f1&_nc_gid=3A5CjIBx-EIOmA0TYFaE-A&edm=APs17CUBAAAA&ccb=7-5&oh=00_AfpYU2X1utLvn_uABCHBKSDvqMozgxsHwhSEVwN1P3QP1Q&oe=695ECD89&_nc_sid=10d13b","","3769536635503952023","https://www.instagram.com/scrapper_target3/","false","0","","78509307398","scrapper_target3","DRQFZkfCMCX","2025-11-19T20:23:26.000Z","Image","https://www.instagram.com/p/DRQFZkfCMCX/"
"Photo by @scrapper_target3 on November 16, 2025. May be an image of barge, ship, riverboat, houseboat, boathouse and text.","","0","1080","1080","https://scontent-iad3-1.cdninstagram.com/v/t51.2885-15/582606092_17842689798619399_5882219515777423996_n.jpg?stp=dst-jpg_e35_s1080x1080_sh0.08_tt6&_nc_ht=scontent-iad3-1.cdninstagram.com&_nc_cat=107&_nc_oc=Q6cZ2QFOBbvDE9diL-vjtOApY2ae-wiGPdvoqt8r1Kn4B-LN3bTM1LJPAtEValhlzO1kdGU&_nc_ohc=kHVZM8SvnUsQ7kNvwHd5jxm&_nc_gid=7olX02gO0nDtINfnXqeFiA&edm=APs17CUBAAAA&ccb=7-5&oh=00_AfqAqcoRDSC663VLaKZIm569kQ86TNyPR5qdk5Slh_jpgQ&oe=695EDC06&_nc_sid=10d13b","","3767199908810482021","https://www.instagram.com/scrapper_target3/","false","0","","78509307398","scrapper_target3","DRHyFuKiGFl","2025-11-16T15:00:50.000Z","Image","https://www.instagram.com/p/DRHyFuKiGFl/"
"Photo by @scrapper_target3 on November 27, 2025. May be an image of lighting, street, night and text.","","0","1080","1080","https://scontent-atl3-3.cdninstagram.com/v/t51.2885-15/587408975_17844645198619399_8928857696949962378_n.jpg?stp=dst-jpg_e35_s1080x1080_sh0.08_tt6&_nc_ht=scontent-atl3-3.cdninstagram.com&_nc_cat=107&_nc_oc=Q6cZ2QEPt0mRGyNP8v16Pm8XzMUii9fv9bw6IMwmAv-zzldiKzOsC24FxPTYCiJZ1X7JPes&_nc_ohc=TZGH1YKr9pUQ7kNvwHcsOhB&_nc_gid=AQu7YJ3ZVbXXXdVmBLjuWw&edm=APs17CUBAAAA&ccb=7-5&oh=00_AfrHoiZdV4VGzfHC9QbX9qCiaU8AmR02Cwq0IVHXlzbHbg&oe=695EBEAC&_nc_sid=10d13b","","3775306821431519734","https://www.instagram.com/scrapper_target3/","false","0","","78509307398","scrapper_target3","DRklY05iOn2","2025-11-27T19:27:45.000Z","Image","https://www.instagram.com/p/DRklY05iOn2/"
"Photo by @scrapper_target3 on November 19, 2025. May be an image of carpet and text.","","0","1080","1080","https://scontent-iad3-1.cdninstagram.com/v/t51.2885-15/582769944_17843130951619399_8647309775924901027_n.jpg?stp=dst-jpg_e35_s1080x1080_sh0.08_tt6&_nc_ht=scontent-iad3-1.cdninstagram.com&_nc_cat=107&_nc_oc=Q6cZ2QG_gm0VfplVHZACCbvkn0M0d-xwoJ4YVHli5trUZAGkXg21MhgAQZfi3NjY7GhMI_A&_nc_ohc=wbrcK7uNSDUQ7kNvwEidVnQ&_nc_gid=135kUC6qZU0dALvyqjKVlw&edm=APs17CUBAAAA&ccb=7-5&oh=00_AfrPGyNt92XzeVLPNi5l6CncAtZHNbz57Tcv9e_LkXiaRw&oe=695EBFEB&_nc_sid=10d13b","","3769252026543252105","https://www.instagram.com/scrapper_target3/","false","0","","78509307398","scrapper_target3","DRPEr9vCCKJ","2025-11-19T10:57:58.000Z","Image","https://www.instagram.com/p/DRPEr9vCCKJ/"
"Photo by @scrapper_target3 on November 18, 2025. May be an image of the Cotswolds, street, York Minster, lamppost and text.","","0","1080","1080","https://scontent-dfw5-1.cdninstagram.com/v/t51.2885-15/583231321_17843010120619399_2589432852282129632_n.jpg?stp=dst-jpg_e35_s1080x1080_sh0.08_tt6&_nc_ht=scontent-dfw5-1.cdninstagram.com&_nc_cat=107&_nc_oc=Q6cZ2QHvZUynJyAbWh3InnX1AzurHUdiz8TSKhtWhJFntZ9GHqWj1hK-1pWuiPAWJxmo_7o&_nc_ohc=3zoZsjgTsr0Q7kNvwFoIesm&_nc_gid=xBCH2PYcPXJdxs099aajdQ&edm=APs17CUBAAAA&ccb=7-5&oh=00_AfpNX45TbxlPkAhjoBPurRQlsrUDAI26YeJEtlgps6VxCA&oe=695EBDFD&_nc_sid=10d13b","","3768676976836489408","https://www.instagram.com/scrapper_target3/","false","0","","78509307398","scrapper_target3","DRNB749iDDA","2025-11-18T15:55:26.000Z","Image","https://www.instagram.com/p/DRNB749iDDA/"
"Photo by @scrapper_target3 on November 16, 2025. May be an image of swan and text.","","0","1080","1080","https://scontent-hou1-1.cdninstagram.com/v/t51.2885-15/581849398_17842689831619399_6804824056908749445_n.jpg?stp=dst-jpg_e35_s1080x1080_sh0.08_tt6&_nc_ht=scontent-hou1-1.cdninstagram.com&_nc_cat=107&_nc_oc=Q6cZ2QEMPO4EDog55W2Aku_BjjNHG7CNP9hneDccrUpBHZ_Edoo1kl-x28RIVZnlvh02r28&_nc_ohc=dE0BmKzyfJMQ7kNvwE8p1ln&_nc_gid=zpnJlbA7SzsEuBbJ8RUUOA&edm=APs17CUBAAAA&ccb=7-5&oh=00_AfpPffx0YlmH-ko87VGFGVGfDuzfJjTGPhqWUFnePUKXfw&oe=695EE14A&_nc_sid=10d13b","","3767200206723514333","https://www.instagram.com/scrapper_target3/","false","0","","78509307398","scrapper_target3","DRHyKDniH_d","2025-11-16T15:01:25.000Z","Image","https://www.instagram.com/p/DRHyKDniH_d/"
