post_id,username,timestamp_utc,caption,display_url,post_url,location,tagged_users,image_ref
3820894243707954881,scrapper_target6,2026-01-29 18:31:39+00:00,This alley brings me so many good memories,https://instagram.fpit1-1.fna.fbcdn.net/v/t51.2885-15/625052788_17856526929608128_1590286082723274819_n.jpg?stp=dst-jpg_e35_s1080x1080_sh0.08_tt6&_nc_ht=instagram.fpit1-1.fna.fbcdn.net&_nc_cat=104&_nc_oc=Q6cZ2QHMFSLjt1bgSMQZcg_wI6nztQk_B1mKpo5RDMzjJoW1CFCsBxYH_IAxMX37RTbKdgk&_nc_ohc=zmOhVVKpiIsQ7kNvwEAsbPk&_nc_gid=IgHYovfWbrVScedOaPK5oQ&edm=APs17CUBAAAA&ccb=7-5&oh=00_AfuMC8Ba5ciwab4rSjBll1x5aH8C9EH0Psd44-3W3_3Myw&oe=6989AC43&_nc_sid=10d13b,https://www.instagram.com/p/DUGixIYjCbB/,,[],
3798206885573482144,scrapper_target6,2025-12-29 09:46:06+00:00,This street is so blurry,https://scontent-mia5-1.cdninstagram.com/v/t51.2885-15/608318493_17852272812608128_5981703440198714408_n.jpg?stp=dst-jpg_e35_s1080x1080_sh0.08_tt6&_nc_ht=scontent-mia5-1.cdninstagram.com&_nc_cat=104&_nc_oc=Q6cZ2QG1u6VH9en73QXubMpYP6oy4ilIxnEpxebGLsuvNQlnocAnfM9sZZOEEoRoRiE3aqk&_nc_ohc=1nMa1T3vSY8Q7kNvwGKxFvc&_nc_gid=DOla0skFTps1zPNZdnBPgg&edm=APs17CUBAAAA&ccb=7-5&oh=00_AfsnATwMqqM4aE7UOJRIyYUzu_Kjau-dzt3RTDG1UFXy9Q&oe=6989C8F5&_nc_sid=10d13b,https://www.instagram.com/p/DS18QnmDNag/,Knightsbridge,[],
3797864339500469718,scrapper_target6,2025-12-28 22:25:31+00:00,This dog is the most handsome dog ever!,https://scontent-ord5-2.cdninstagram.com/v/t51.2885-15/608601506_17852217141608128_7599973077888350873_n.heic?stp=dst-jpg_e35_s1080x1080_sh0.08_tt6&_nc_ht=scontent-ord5-2.cdninstagram.com&_nc_cat=104&_nc_oc=Q6cZ2QGuvaCOQxDWpMe5UkYlyF5z9JVCU1Mt2asUYR9RrX_HBUuUP5SkNzA6Oi4Cznaokn0&_nc_ohc=JHVb5svDQzYQ7kNvwEPM7wq&_nc_gid=36Rr4XkQdsmy7MO6i2swSQ&edm=APs17CUBAAAA&ccb=7-5&oh=00_AfsVQeMzvNWCruYGNIJgQN1jMCFw8GE0MDK0G3-j7r_AHw&oe=6989D604&_nc_sid=10d13b,https://www.instagram.com/p/DS0uX6tDI3W/,"Southall, Slough, United Kingdom",[],
3784611638541033321,scrapper_target6,2025-12-10 15:34:46+00:00,Beautiful sunset,https://scontent-iad3-1.cdninstagram.com/v/t51.2885-15/598637172_17849717196608128_8727439387317949917_n.jpg?stp=dst-jpg_e35_s1080x1080_sh0.08_tt6&_nc_ht=scontent-iad3-1.cdninstagram.com&_nc_cat=104&_nc_oc=Q6cZ2QGr1sLlZQfRmqqfaPX2TphTrqtLknVLQRVTGrUOJL-Sn6ee6e2ZTzfQR4cO6FUt3DI&_nc_ohc=ieKJ9vwpn5QQ7kNvwF1FN7Y&_nc_gid=YQDIhxfk5Z2xfKAyBN-XLw&edm=APs17CUBAAAA&ccb=7-5&oh=00_AfsxAML1YRG0KFgO2wpngRVcR-tZQ9z1xF9uDlQjSdKzmw&oe=6989AA36&_nc_sid=10d13b,https://www.instagram.com/p/DSFpDvIDB9p/,,[],
3785475488735873020,scrapper_target6,2025-12-11 20:11:05+00:00,This was a beautiful experience in Christmas 🎄,https://scontent-atl3-2.cdninstagram.com/v/t51.2885-15/599883858_17849873850608128_8956082010837835264_n.jpg?stp=dst-jpg_e35_s1080x1080_sh0.08_tt6&_nc_ht=scontent-atl3-2.cdninstagram.com&_nc_cat=104&_nc_oc=Q6cZ2QGZuEIrRjarfxwJz3gP1BuxrzRCB_fnk_MYSmXIjXe5j604fYa_7y27De0iJphL1JMJh75GSIUEVK2Tp6sUTtfs&_nc_ohc=90tTyh0y-_oQ7kNvwGdEakV&_nc_gid=LwtvKghFxrxjT0MEPksy4Q&edm=APs17CUBAAAA&ccb=7-5&oh=00_AfvEs3ZGWoqLTmnCHQv2XvLQQnSM_mgC9d4RwqJBaQmiYQ&oe=6989C170&_nc_sid=10d13b,https://www.instagram.com/p/DSIteaUDMf8/,,[],
3810720757937098656,scrapper_target6,2026-01-15 16:08:55+00:00,This carpet is the best,https://scontent-dfw5-2.cdninstagram.com/v/t51.2885-15/616516572_17854578780608128_4948490353030505984_n.jpg?stp=dst-jpg_e35_s1080x1080_sh0.08_tt6&_nc_ht=scontent-dfw5-2.cdninstagram.com&_nc_cat=104&_nc_oc=Q6cZ2QEBAHu6N3hOlKN1DGXbmLKaNmijCvg0pCVJ-B_AZqflhny16izneeu0SwZsL9LauLY&_nc_ohc=b6bsIQAxphIQ7kNvwEdURN6&_nc_gid=WV0V8XWEy4wd6fHCFU8iiQ&edm=APs17CUBAAAA&ccb=7-5&oh=00_AfvxmjxHr-9u_RggQ8gfmDeBFsIzghCdDfqFhIzGASny3Q&oe=6989A561&_nc_sid=10d13b,https://www.instagram.com/p/DTiZlbbDE-g/,Greenwich Market,[],
3815803267641535213,scrapper_target6,2026-01-22 16:26:58+00:00,Nice neighbourhood,https://scontent-iad3-1.cdninstagram.com/v/t51.2885-15/621426915_17855534211608128_6289573243267456984_n.jpg?stp=dst-jpg_e35_s1080x1080_sh0.08_tt6&_nc_ht=scontent-iad3-1.cdninstagram.com&_nc_cat=104&_nc_oc=Q6cZ2QFj2DnuJqnjlniapaqy0T6LuLnKaGstqBkkkCy74_vgwWy5NbdxRCnqu_Qs52vjYEA&_nc_ohc=UT-8MCBk9xoQ7kNvwGbvR73&_nc_gid=WrXD9KsBkDqVkOqYY3eJsw&edm=APs17CUBAAAA&ccb=7-5&oh=00_AfswMWnY2C_oo0LUs0KtAYV2Neb1ES4J4Ta9jtIwVSsu8g&oe=6989B54E&_nc_sid=10d13b,https://www.instagram.com/p/DT0dNrcjGrt/,Greenwich Market,[],
3783991359045403768,scrapper_target6,2025-12-09 19:02:23+00:00,Christmas Market is the best,https://scontent-atl3-2.cdninstagram.com/v/t51.2885-15/589946260_17849615289608128_8767414123392769627_n.jpg?stp=dst-jpg_e35_s1080x1080_sh0.08_tt6&_nc_ht=scontent-atl3-2.cdninstagram.com&_nc_cat=104&_nc_oc=Q6cZ2QHlpcM4xqSrxt2hkiAEUAG5n8NJ_qrtPRa_JsbzHkFE_0yemhlNZw35J2_pvIxHHqg&_nc_ohc=CpE0MV_xHPoQ7kNvwF2XX3Y&_nc_gid=5Zu1FwjE-oUM5-32Aoa0Dw&edm=APs17CUBAAAA&ccb=7-5&oh=00_AfuF9WJseFfOqveyV8nxT-bg-_hC-Os7GzQ3UaDTcXytxg&oe=6989AB22&_nc_sid=10d13b,https://www.instagram.com/p/DSDcBe1DIR4/,,[],
3786188836037230285,scrapper_target6,2025-12-12 19:48:22+00:00,These lights are so beautiful,https://scontent-mia5-1.cdninstagram.com/v/t51.2885-15/600474897_17850001647608128_3168013988799190779_n.jpg?stp=dst-jpg_e35_s1080x1080_sh0.08_tt6&_nc_ht=scontent-mia5-1.cdninstagram.com&_nc_cat=104&_nc_oc=Q6cZ2QFg60tTL0dgF311ArPRmk8eucq8iN9AJjpvwRNclgx7r9ripJG4dbi57iG8dMYEJdI&_nc_ohc=vPzinLCEMfUQ7kNvwFuhjKJ&_nc_gid=8aIZ5MrHCulEB69f0LA9-A&edm=APs17CUBAAAA&ccb=7-5&oh=00_Afu_k8v6xPJMly9kR0io219sE2249_pLCuJK5aP4Mu4L9A&oe=6989CBB8&_nc_sid=10d13b,https://www.instagram.com/p/DSLPq-wjH7N/,,[],
3787283516724393300,scrapper_target6,2025-12-14 08:03:19+00:00,London is amazing,https://scontent-lga3-3.cdninstagram.com/v/t51.2885-15/601020282_17850198522608128_5073655094315586499_n.jpg?stp=dst-jpg_e35_s1080x1080_sh0.08_tt6&_nc_ht=scontent-lga3-3.cdninstagram.com&_nc_cat=104&_nc_oc=Q6cZ2QHp-_mAhEJAXyogJs8MbRShwUXlL7INpAVYKsYuVuPtI_hfiJd0JMlU0gRouvptWMY&_nc_ohc=OBoDfDyaFLUQ7kNvwHr3V0t&_nc_gid=u2nbnXON7GAPCWDVLbntZQ&edm=APs17CUBAAAA&ccb=7-5&oh=00_AfsXPiv9631IlLc2gpLWDUR9L6QeRHjUBnElNksEw2-tmQ&oe=6989C238&_nc_sid=10d13b,https://www.instagram.com/p/DSPIkrmDLVU/,,[],
3792401000565621595,scrapper_target6,2025-12-21 09:30:50+00:00,This cup is beautiful,https://scontent-ord5-2.cdninstagram.com/v/t51.2885-15/603917852_17851159350608128_6757428031591468417_n.jpg?stp=dst-jpg_e35_s1080x1080_sh0.08_tt6&_nc_ht=scontent-ord5-2.cdninstagram.com&_nc_cat=104&_nc_oc=Q6cZ2QHNEjFAkbPW1Zx7e8NDThu3O2Oaa5FwAQp0XaFGy-iht-vDxZqEqA5OAYRBQA9WWS0&_nc_ohc=k7X_pKqJR50Q7kNvwGUKDuV&_nc_gid=u77t7BV-HKsB25Nyf13Bdw&edm=APs17CUBAAAA&ccb=7-5&oh=00_AfutvOiBcYb5xdRadBLPVvCtUZWrsOgNuLMDS2-Q-Mns3A&oe=6989ADB3&_nc_sid=10d13b,https://www.instagram.com/p/DShUJ30jMNb/,,[],
3792338295435614937,scrapper_target6,2025-12-21 07:26:15+00:00,Christmas lights are amazing,https://scontent-lax3-1.cdninstagram.com/v/t51.2885-15/603949013_17851148316608128_5769361806222819873_n.jpg?stp=dst-jpg_e35_s1080x1080_sh0.08_tt6&_nc_ht=scontent-lax3-1.cdninstagram.com&_nc_cat=104&_nc_oc=Q6cZ2QHcZ8t4VCwNxvtdBopuVSFHD3iUyWXiypk6GolIuXzJRbtNLkc35jpKWcBJ1u-hluw&_nc_ohc=tetVtPaRn-cQ7kNvwFEPcXT&_nc_gid=vLfQt4Mp5EVy8udlP_wDJA&edm=APs17CUBAAAA&ccb=7-5&oh=00_AftShaBu96W41XSFf_Lx72Tn6nLKFk3LFLXAnrzVfpm6VQ&oe=6989B99F&_nc_sid=10d13b,https://www.instagram.com/p/DShF5ZHjNrZ/,,[],
3775824712883249333,scrapper_target6,2025-11-28 12:36:43+00:00,,https://scontent-bos5-1.cdninstagram.com/v/t51.2885-15/587787375_17848081989608128_6774608061159505953_n.jpg?stp=dst-jpg_e35_s1080x1080_sh0.08_tt6&_nc_ht=scontent-bos5-1.cdninstagram.com&_nc_cat=104&_nc_oc=Q6cZ2QH3H6pR7GkGOaSnvO1TzJWTxWCQpDj1oajTyAsjED0Dde-Uw-x0NxEG95BBp3HPdbtOcWbMsDmTmbpDAgeDGluY&_nc_ohc=UBp30LomnegQ7kNvwGhwkIk&_nc_gid=_ueD8pVNY6frb36Rfr49fg&edm=APs17CUBAAAA&ccb=7-5&oh=00_AfvfVXeqGdpVPv0s_Lu8UnhkGEAeslbxKHp2i0lw9pR4VA&oe=6989B275&_nc_sid=10d13b,https://www.instagram.com/p/DRmbJI5jCC1/,,[],
3779377200139876476,scrapper_target6,2025-12-03 10:14:52+00:00,Lovely place,https://scontent-atl3-2.cdninstagram.com/v/t51.2885-15/589915090_17848763766608128_9080902838607089837_n.jpg?stp=dst-jpg_e35_s1080x1080_sh0.08_tt6&_nc_ht=scontent-atl3-2.cdninstagram.com&_nc_cat=104&_nc_oc=Q6cZ2QFx1HeXwJdnhK1sTXCOHHxNrU47NDHlJrPcF9qWBBxv-CT7VIESbzkKCdW1-iotZLk&_nc_ohc=BV5pRJAeSzUQ7kNvwGnop-3&_nc_gid=umg4Mm4JlzyWq7Vhx3pXSw&edm=APs17CUBAAAA&ccb=7-5&oh=00_AfuPCTU7wLikLMvb9qYrsKxuHxqqZ--dRQF9yKE8Q834bg&oe=6989C41C&_nc_sid=10d13b,https://www.instagram.com/p/DRzC4oejDh8/,,[],
3781037020978886834,scrapper_target6,2025-12-05 17:12:38+00:00,This is so beautiful,https://scontent-iad3-1.cdninstagram.com/v/t51.2885-15/589931185_17849080995608128_3167790345870541337_n.jpg?stp=dst-jpg_e35_s1080x1080_sh0.08_tt6&_nc_ht=scontent-iad3-1.cdninstagram.com&_nc_cat=104&_nc_oc=Q6cZ2QHOMLLdDQRfwQnP08dXnC-dZpRtE0_rbPtOnPgVVn2O8q82YMRRk_PoHElMigG8nVE&_nc_ohc=MuaGg9JC24oQ7kNvwExpFXz&_nc_gid=daKs_4WqJh6cwj6ftIekEQ&edm=APs17CUBAAAA&ccb=7-5&oh=00_AfvO4csj2ASRhYgPNjWU6g-92JIPVqSIxgyqj-jy3ucorQ&oe=6989AB5C&_nc_sid=10d13b,https://www.instagram.com/p/DR48SNGDDiy/,,[],
3781697290386543349,scrapper_target6,2025-12-06 15:04:29+00:00,I like it empty,https://scontent-atl3-2.cdninstagram.com/v/t51.2885-15/589905095_17849197932608128_6577936115878495651_n.jpg?stp=dst-jpg_e35_s1080x1080_sh0.08_tt6&_nc_ht=scontent-atl3-2.cdninstagram.com&_nc_cat=104&_nc_oc=Q6cZ2QEyD1NEeFmjhRE2s71uUvjFROYUO3Dp6cZ5cig2Z0Lb3bxUPJhQCgD0TEWRS3BrHZM&_nc_ohc=8cy55qnNTgMQ7kNvwHpjmGb&_nc_gid=H_In_sElqy-AuDMBBR8slw&edm=APs17CUBAAAA&ccb=7-5&oh=00_AfsDGx7vA7pDD49Nb3ZtDqFKw5C8iGHPOBdXltX8scjL_w&oe=6989B619&_nc_sid=10d13b,https://www.instagram.com/p/DR7SaY5jBL1/,,[],
3777280949361608238,scrapper_target6,2025-11-30 12:50:00+00:00,,https://scontent-iad3-1.cdninstagram.com/v/t51.2885-15/588289029_17848363032608128_6944757794060410995_n.jpg?stp=dst-jpg_e35_s1080x1080_sh0.08_tt6&_nc_ht=scontent-iad3-1.cdninstagram.com&_nc_cat=104&_nc_oc=Q6cZ2QFtLjRyWBdALaYXiwxQfRG0gA7LhqdlkSvpndqdC1qL4MWfZi_vvYpZMZVX_nLVv_c&_nc_ohc=w8V3Gs-y8v8Q7kNvwH74ncO&_nc_gid=wSQ8lWiv56VSAJWThF3pAA&edm=APs17CUBAAAA&ccb=7-5&oh=00_Afs3CgMBH8P7-eOw1DdMZN2I0JHe2h3m0Db5cUqdfntAGQ&oe=6989D1D0&_nc_sid=10d13b,https://www.instagram.com/p/DRrmQKzjIYu/,,[],
3778116376402380423,scrapper_target6,2025-12-01 16:29:50+00:00,,https://scontent-lga3-3.cdninstagram.com/v/t51.2885-15/587961064_17848524291608128_5068430298885332867_n.jpg?stp=dst-jpg_e35_s1080x1080_sh0.08_tt6&_nc_ht=scontent-lga3-3.cdninstagram.com&_nc_cat=104&_nc_oc=Q6cZ2QEIfnWcRnWF_6UtYVxytkrgdEqnIioUY5jnNV0d5es7LVgh9cgyRFUVcFS-V1jQ6hM&_nc_ohc=iYH0jBj1lYsQ7kNvwGsFBD0&_nc_gid=79Q5F5w7FntqdF9icCCDwg&edm=APs17CUBAAAA&ccb=7-5&oh=00_AftLqd9hF7q_yLeRmhjhu5m-8M3o3NuZiIZr8QkQHuTi-g&oe=6989C168&_nc_sid=10d13b,https://www.instagram.com/p/DRukNO3jMaH/,,[],
3770828081804914750,scrapper_target6,2025-11-21 15:09:18+00:00,,https://scontent-lax3-1.cdninstagram.com/v/t51.2885-15/584709860_17846917743608128_5950370694586031594_n.jpg?stp=dst-jpg_e35_s1080x1080_sh0.08_tt6&_nc_ht=scontent-lax3-1.cdninstagram.com&_nc_cat=104&_nc_oc=Q6cZ2QEBPNnC07aUu4g3_D-iRZ7oh3G6YS4RomHbpDr-_N3acirdrOZCvrIgI-Urv9OOsuM&_nc_ohc=1tXRguRRbF8Q7kNvwHIiJFl&_nc_gid=WUBD3oSpLD3DFhhs-B1KNg&edm=APs17CUBAAAA&ccb=7-5&oh=00_AfsC6SoBNRtoCkI5SF3lJZ4IzxMDBxfye2td9cSzMcd7Kg&oe=6989B3BA&_nc_sid=10d13b,https://www.instagram.com/p/DRUrCllDLA-/,,[],
3782972976548061641,scrapper_target6,2025-12-08 09:19:02+00:00,Beautiful Christmas 🎄,https://scontent-ord5-2.cdninstagram.com/v/t51.2885-15/591170425_17849422425608128_8373519495541771018_n.jpg?stp=dst-jpg_e35_s1080x1080_sh0.08_tt6&_nc_ht=scontent-ord5-2.cdninstagram.com&_nc_cat=104&_nc_oc=Q6cZ2QHSSTBW19ZA0HnilC63EYc2GMc_yG0_VhTl4SxIwRU28mZDVag7mFqMHSQBmG2w9_kQKeAuwjev51wfwoYKHubE&_nc_ohc=vvSzrxiu4OgQ7kNvwFzqrRY&_nc_gid=khKjst71IfzZXWYzmidC7g&edm=APs17CUBAAAA&ccb=7-5&oh=00_AftVUqjPTNmkxUJO1GlCC8xiC-C7Rp8YKpZmNG_qNpsBbg&oe=6989B6BA&_nc_sid=10d13b,https://www.instagram.com/p/DR_0eEODKHJ/,,[],
3774597535676284916,scrapper_target6,2025-11-26 19:58:32+00:00,,https://scontent-dfw5-2.cdninstagram.com/v/t51.2885-15/589043900_17847861270608128_4548172238202372785_n.jpg?stp=dst-jpg_e35_s1080x1080_sh0.08_tt6&_nc_ht=scontent-dfw5-2.cdninstagram.com&_nc_cat=104&_nc_oc=Q6cZ2QGMGu9ReDp-T2bQHE62smW5rxc7HX6xjUKSTQc9h3Wj5C_vF_IcXfptg1BEriUqYgw&_nc_ohc=eC0OzfP9DcMQ7kNvwE7lsuu&_nc_gid=zNdRLIXk-mkpTa5WhEoq1w&edm=APs17CUBAAAA&ccb=7-5&oh=00_Aft-RuhdW77dR5oaifv42l-9V_2tXA7VbZajxHCIz1HfuA&oe=6989A93F&_nc_sid=10d13b,https://www.instagram.com/p/DRiEHXEDL_0/,,[],
3775710794689021951,scrapper_target6,2025-11-28 08:50:23+00:00,,https://scontent-lga3-3.cdninstagram.com/v/t51.2885-15/587778319_17848061955608128_1368638793375476501_n.jpg?stp=dst-jpg_e35_s1080x1080_sh0.08_tt6&_nc_ht=scontent-lga3-3.cdninstagram.com&_nc_cat=104&_nc_oc=Q6cZ2QG730ksRMP5X6wR2_u6cNAeZKLlenEFZiNcV3xT6rB8d2kl3dSQ886bTKP3XtODt11hMpkZGDvwTwBOjdPH7qga&_nc_ohc=0qqayHN0dNEQ7kNvwFJHoIN&_nc_gid=S5qRPdsBIH_zgLI_5pyJYw&edm=APs17CUBAAAA&ccb=7-5&oh=00_AfugLMBVbT0T24qTVVETbldiqDBSmPFB2dxguiBTakpZjA&oe=6989A966&_nc_sid=10d13b,https://www.instagram.com/p/DRmBPaUDAf_/,,[],
3767732889287678679,scrapper_target6,2025-11-17 08:39:42+00:00,Greenwich,https://scontent-det1-1.cdninstagram.com/v/t51.2885-15/583198343_17846107449608128_5445022368965494968_n.jpg?stp=dst-jpg_e35_s1080x1080_sh0.08_tt6&_nc_ht=scontent-det1-1.cdninstagram.com&_nc_cat=104&_nc_oc=Q6cZ2QED8SXSz1N6c8V6TdoGvCqA_CXYICkzvApWMDJGyU-4K5m-0RExsaTo3MMjv0enaG0&_nc_ohc=iNMLIpMg-1sQ7kNvwERn_-O&_nc_gid=WSW0s_P6DF0aZtK1WEdl0w&edm=APs17CUBAAAA&ccb=7-5&oh=00_AfvJCOsDLA--XrPlmYRnQzRRTw7yp1Fzg779Li6dQLPBfA&oe=6989BF54&_nc_sid=10d13b,https://www.instagram.com/p/DRJrRm6jFrX/,,[],
3767916677078741290,scrapper_target6,2025-11-17 14:44:51+00:00,,https://scontent-atl3-2.cdninstagram.com/v/t51.2885-15/583301584_17846159787608128_2268280458214433953_n.jpg?stp=dst-jpg_e35_s1080x1080_sh0.08_tt6&_nc_ht=scontent-atl3-2.cdninstagram.com&_nc_cat=104&_nc_oc=Q6cZ2QHV-w6wUModgmn7bGQhRZoioEY6zNNyCv2f9X8DMZg1hydOsGfJPuL6UMnqMrhbdg0&_nc_ohc=u8kMBXUWaQYQ7kNvwEDCiUK&_nc_gid=HdTgCa3ccwZ0OvFzjIKgnA&edm=APs17CUBAAAA&ccb=7-5&oh=00_AfsujLnoetClHj-DiZCdsajn6FQouv0OV4GlY_Slxl0olw&oe=6989D3C4&_nc_sid=10d13b,https://www.instagram.com/p/DRKVEEojHEq/,,[],
3767737082266288141,scrapper_target6,2025-11-17 08:48:02+00:00,,https://scontent-lga3-3.cdninstagram.com/v/t51.2885-15/583847625_17846108382608128_424884992852590241_n.jpg?stp=dst-jpg_e35_s1080x1080_sh0.08_tt6&_nc_ht=scontent-lga3-3.cdninstagram.com&_nc_cat=104&_nc_oc=Q6cZ2QHlo_X9FZA_tdAu7_b2B2q2i9nvBtR1PrF33KnEboI3EEn8ImbSWWaoMoVLqPQfFMOlaXZSlMyj_359c6kwKyML&_nc_ohc=BbuAuK0Gx3MQ7kNvwGTU6jH&_nc_gid=4jSgcCzB3rKpSsvr_oHvEQ&edm=APs17CUBAAAA&ccb=7-5&oh=00_AfszbMjdOvCc-BV6L-Ob9p_Zq0uBQL3HL2CouijXwreSRA&oe=6989C2BD&_nc_sid=10d13b,https://www.instagram.com/p/DRJsOn7jIAN/,,[],
3767717529436057050,scrapper_target6,2025-11-17 08:09:11+00:00,Liverpool st.,https://scontent-atl3-2.cdninstagram.com/v/t51.2885-15/581788521_17846103807608128_5381998993647003311_n.jpg?stp=dst-jpg_e35_s1080x1080_sh0.08_tt6&_nc_ht=scontent-atl3-2.cdninstagram.com&_nc_cat=104&_nc_oc=Q6cZ2QErnqk_aOn2knYbFx76Ou726qEqV96bomudpjBEfzBfw1w9LMu4B2AZPZfSnIA7nZ8&_nc_ohc=L8sxG63m4hUQ7kNvwGOi6w4&_nc_gid=A3mFlbyOis3UhIvIEtikBA&edm=APs17CUBAAAA&ccb=7-5&oh=00_Afv3JpOqc5xQZgWBDl62EPuTBBoJkanrX_xTKPCWSj4Evw&oe=6989BB99&_nc_sid=10d13b,https://www.instagram.com/p/DRJnyF8DG3a/,,[],
3767733470215549089,scrapper_target6,2025-11-17 08:40:51+00:00,,https://instagram.fjbr1-1.fna.fbcdn.net/v/t51.2885-15/584016724_17846107554608128_9208756524670179185_n.jpg?stp=dst-jpg_e35_s1080x1080_sh0.08_tt6&_nc_ht=instagram.fjbr1-1.fna.fbcdn.net&_nc_cat=104&_nc_oc=Q6cZ2QHL8A7ye-yv6POn1vjOdjV3QX4QNA4Zf7Z7N8eiJPwzI7WQntBlFNUEKimkrKQGyH8&_nc_ohc=KfdaaHJs9bQQ7kNvwHpISkP&_nc_gid=8gzGIzbz-VVBfRYP7TYCvQ&edm=APs17CUBAAAA&ccb=7-5&oh=00_AfuGNQK1RSQfOghpbm5X5EEWcTPeEpVG4_wNDXZLDpwUOQ&oe=6989AF00&_nc_sid=10d13b,https://www.instagram.com/p/DRJraD8jDCh/,,[],
3769233131069799886,scrapper_target6,2025-11-19 10:20:25+00:00,,https://scontent-den2-1.cdninstagram.com/v/t51.2885-15/583931952_17846492166608128_5788421904675411878_n.jpg?stp=dst-jpg_e35_s1080x1080_sh0.08_tt6&_nc_ht=scontent-den2-1.cdninstagram.com&_nc_cat=104&_nc_oc=Q6cZ2QEZDERQGfJ5UgpTgqD_2ykWlNIgVIzbhN_rr8Gtv9FejlcVoSQUWWoqQ-77Hfo_ZwM&_nc_ohc=i5mmvMOxSdUQ7kNvwG-GY-w&_nc_gid=6lIyeRfjVr-qVjsCUoMz0g&edm=APs17CUBAAAA&ccb=7-5&oh=00_Aftg8p2dUn4_R_dMfz1wEVgGJmlkUS9iA4Sn7RXNg7ju9A&oe=6989AB1E&_nc_sid=10d13b,https://www.instagram.com/p/DRPAY_9DH3O/,,[],
3767852650214498573,scrapper_target6,2025-11-17 12:37:39+00:00,,https://scontent-ord5-2.cdninstagram.com/v/t51.2885-15/581799238_17846138745608128_5773553385998132244_n.jpg?stp=dst-jpg_e35_s1080x1080_sh0.08_tt6&_nc_ht=scontent-ord5-2.cdninstagram.com&_nc_cat=104&_nc_oc=Q6cZ2QH9NeASiX1AnRGy9avwMfrKLHcwoZIuBNgJOYQmE8CZd_iUomj5FU28d8mRgBGA5Qo&_nc_ohc=iiWexOMM4WIQ7kNvwG9JxNK&_nc_gid=XoVj5saXTHhyQnpyPfejJw&edm=APs17CUBAAAA&ccb=7-5&oh=00_Afv0f8LSUuAhWgiuwmj6z9tVyReYYQ1Hq7NET9t-IAFhiw&oe=6989BA74&_nc_sid=10d13b,https://www.instagram.com/p/DRKGgW-DKEN/,,[],
3769253962894328353,scrapper_target6,2025-11-19 11:01:48+00:00,,https://instagram.fboi1-1.fna.fbcdn.net/v/t51.2885-15/583984681_17846498325608128_1092093526910864064_n.jpg?stp=dst-jpg_e35_s1080x1080_sh0.08_tt6&_nc_ht=instagram.fboi1-1.fna.fbcdn.net&_nc_cat=104&_nc_oc=Q6cZ2QEntM6LcKSGZ1DBhZrxBuqQIN2vili1YRY5QKWt10A7GwXT-Ma0UXSynleK8HrqoKw&_nc_ohc=6l10taZEp6EQ7kNvwGYL712&_nc_gid=p-Knaup0gGGjr8o02XzPXA&edm=APs17CUBAAAA&ccb=7-5&oh=00_AfuVMJjwTwyvHE_L6GxTdMAx3DpQpajTLRTMQI4N1Fx0fA&oe=6989A88C&_nc_sid=10d13b,https://www.instagram.com/p/DRPFIJGjMIh/,,[],
3770179367075599014,scrapper_target6,2025-11-20 17:40:25+00:00,,https://scontent-ord5-2.cdninstagram.com/v/t51.2885-15/583761827_17846749245608128_111047633139835662_n.jpg?stp=dst-jpg_e35_s1080x1080_sh0.08_tt6&_nc_ht=scontent-ord5-2.cdninstagram.com&_nc_cat=104&_nc_oc=Q6cZ2QFFEY4gigvaYQaBVNmKmTaFcfIF5YyeHOTWB7PzuhzdDSyBMvudkrj5w1QXZ0edZtg&_nc_ohc=ZYr1vStt_W8Q7kNvwF8Nh66&_nc_gid=xe1K8mb6nHyfbHCba3DRaA&edm=APs17CUBAAAA&ccb=7-5&oh=00_AfuGQ15FsP0_6CUk34x-tr7-ntJNDMsAUQHSi62kv4WNew&oe=6989C60C&_nc_sid=10d13b,https://www.instagram.com/p/DRSXii6DFKm/,,[],
3770836252283942474,scrapper_target6,2025-11-21 15:25:32+00:00,,https://scontent-atl3-2.cdninstagram.com/v/t51.2885-15/584378915_17846921097608128_208813973624257985_n.jpg?stp=dst-jpg_e35_s1080x1080_sh0.08_tt6&_nc_ht=scontent-atl3-2.cdninstagram.com&_nc_cat=104&_nc_oc=Q6cZ2QH4sXlFkgA-IOYQYb21_mL-Pmzys16P6gVMAxFdTWVtTShKYsr_gGVjm6aMEmDd9LY&_nc_ohc=xW_US3dKEoMQ7kNvwF6Jznz&_nc_gid=NlD0Pn9-YVruMh0G4eqRzg&edm=APs17CUBAAAA&ccb=7-5&oh=00_AfuHsZQaw5oeclMsvcUiOFSCjzqGWFfueueCqvuZ9-Nu4g&oe=6989A3A9&_nc_sid=10d13b,https://www.instagram.com/p/DRUs5e7jLZK/,,[],
3770727799066516632,scrapper_target6,2025-11-21 11:50:03+00:00,,https://scontent-bos5-1.cdninstagram.com/v/t51.2885-15/584352868_17846881572608128_8993879462455513790_n.jpg?stp=dst-jpg_e35_s1080x1080_sh0.08_tt6&_nc_ht=scontent-bos5-1.cdninstagram.com&_nc_cat=104&_nc_oc=Q6cZ2QFAtDKwF_EsBp9TG7GDQoWhz7MXCzVXALRnNpaGG1niM6S-RePCfj9OqQeierbKh7MNFbQDGeU0yqXl36x4K8Aq&_nc_ohc=hTVB9BhPF9UQ7kNvwEANcMU&_nc_gid=jczVMqEDARpW2plbIoTBIg&edm=APs17CUBAAAA&ccb=7-5&oh=00_AfsoqEu_fhLU5kwdfiemrlffuHF14SwGc9-Y88Zzo1WPWg&oe=6989D44F&_nc_sid=10d13b,https://www.instagram.com/p/DRUUPSADNyY/,,[],
3767193059587849514,scrapper_target6,2025-11-16 14:47:36+00:00,,https://instagram.fclj2-1.fna.fbcdn.net/v/t51.2885-15/582336249_1386516656407388_1234815446410993454_n.jpg?stp=dst-jpg_e15_tt6&_nc_ht=instagram.fclj2-1.fna.fbcdn.net&_nc_cat=108&_nc_oc=Q6cZ2QGbPWJSgYhan3vO4U2K2Zn5Lpz-DDHzCsuTYmqpms2Q_FA2RzzGHf4f-gf2OFY3BH4&_nc_ohc=FiEO-KPQmPkQ7kNvwEgWs-N&_nc_gid=56y39l6XTkH-79mYLd_37Q&edm=APs17CUBAAAA&ccb=7-5&oh=00_AfshW8mbhGdW7jWOcvskIrPqnDcMi3P059U6ossYp_m38g&oe=6989B018&_nc_sid=10d13b,https://www.instagram.com/p/DRHwiDVDP0q/,"Southall, Slough, United Kingdom",[],
3767192782948276945,scrapper_target6,2025-11-16 14:46:36+00:00,,https://scontent-atl3-2.cdninstagram.com/v/t51.2885-15/583042316_17845971510608128_5342654068130270532_n.jpg?stp=dst-jpg_e35_s1080x1080_sh0.08_tt6&_nc_ht=scontent-atl3-2.cdninstagram.com&_nc_cat=104&_nc_oc=Q6cZ2QEAI05_UrPaNfxt3FWulTuYvtrK9ziN40WKREgvAO7rdtmkxNa6DucZZVk-yZZuVSQ&_nc_ohc=B3xOUEYmJpsQ7kNvwEs5d5T&_nc_gid=nzhpXUgeZcSTRqdBGSAPzQ&edm=APs17CUBAAAA&ccb=7-5&oh=00_Afu_ulrebfyU37EDLGTxGtF9pYTHJR7be_TBOvnsGZUFAw&oe=6989CF93&_nc_sid=10d13b,https://www.instagram.com/p/DRHweBsDBrR/,,[],
3775308077013416109,scrapper_target6,2025-11-27 19:30:15+00:00,,https://scontent-lga3-3.cdninstagram.com/v/t51.2885-15/589937201_17847989499608128_3140881017949363845_n.jpg?stp=dst-jpg_e35_s1080x1080_sh0.08_tt6&_nc_ht=scontent-lga3-3.cdninstagram.com&_nc_cat=104&_nc_oc=Q6cZ2QETUoJuxL95xKzS6RmwgMQrC3LYeEiwvCeHbpb_JyUKxM8AEb6l0H7qFL-v8WcI8Ps&_nc_ohc=TF_tWuCwSIIQ7kNvwFXF384&_nc_gid=lUp2qew3v-UHW6-E7DGGyw&edm=APs17CUBAAAA&ccb=7-5&oh=00_AftvXd9nwJ0HPaX-Y8VoQAlbfpwV3JACpoqsBPrRLnj0SQ&oe=6989B363&_nc_sid=10d13b,https://www.instagram.com/p/DRklrGQDDit/,,[],
3767193551680361073,scrapper_target6,2025-11-16 14:48:08+00:00,,https://scontent-lga3-3.cdninstagram.com/v/t51.2885-15/582038275_17845971801608128_1045835840458034228_n.jpg?stp=dst-jpg_e35_s1080x1080_sh0.08_tt6&_nc_ht=scontent-lga3-3.cdninstagram.com&_nc_cat=104&_nc_oc=Q6cZ2QEgTeWsN_Yj11VQYnoT1DxtLWcgog0ennCZ4CJ9cH5IESQJOq-enDL0blA3oDL60Gk&_nc_ohc=XW5HEZnQ1NMQ7kNvwHkmsZT&_nc_gid=jp9k-jW2TyHeIrNDC0cVXw&edm=APs17CUBAAAA&ccb=7-5&oh=00_Afs7VOLkPs5baTzZIVHDrph7hH3421xm_cqr3LWoq-REtQ&oe=6989AB97&_nc_sid=10d13b,https://www.instagram.com/p/DRHwpNoDNJx/,,[],
3769534147493367788,scrapper_target6,2025-11-19 20:18:29+00:00,,https://scontent-ord5-2.cdninstagram.com/v/t51.2885-15/583708670_17846588814608128_9023770092126943934_n.jpg?stp=dst-jpg_e35_s1080x1080_sh0.08_tt6&_nc_ht=scontent-ord5-2.cdninstagram.com&_nc_cat=104&_nc_oc=Q6cZ2QGCj4YzvHe2p3aXueyaUojitb25CSVFligiS0sqC9bby_s8MadPG9vGoCOSEiyDvJg&_nc_ohc=FWwf80Tjy40Q7kNvwHooSDj&_nc_gid=Jwwkbz7B7TJ70UM2rAJ55A&edm=APs17CUBAAAA&ccb=7-5&oh=00_AfuQjLHUPCAFc3nLglCcamp2kz3u8TJCAoOWdXdNPMO_NQ&oe=6989C6A2&_nc_sid=10d13b,https://www.instagram.com/p/DRQE1XWDA_s/,,[],
