id,username,caption,timestamp,image_filename
scrapper_target4_29,scrapper_target4,Random thought #29,2025-01-12T14:29:06,
scrapper_target4_40,scrapper_target4,Travel snapshot #40,2025-01-13T04:22:22,img_040.jpg
scrapper_target4_50,scrapper_target4,"Another day, another post #50",2025-01-13T17:09:09,img_050.jpg
scrapper_target4_25,scrapper_target4,Checking in from a new location #25,2025-01-15T12:19:18,img_025.jpg
scrapper_target4_19,scrapper_target4,"Another day, another post #19",2025-01-17T18:34:31,img_019.jpg
scrapper_target4_15,scrapper_target4,Sharing a moment #15,2025-01-21T16:57:47,img_015.jpg
scrapper_target4_7,scrapper_target4,Sharing a moment #7,2025-01-24T11:20:16,
scrapper_target4_9,scrapper_target4,Status update #9,2025-01-27T06:35:08,
scrapper_target4_14,scrapper_target4,scrapper_target4 daily update #14,2025-01-31T13:50:05,img_014.jpg
scrapper_target4_21,scrapper_target4,Morning routine #21,2025-02-01T21:59:57,img_021.jpg
scrapper_target4_24,scrapper_target4,Routine activity log #24,2025-02-02T07:16:43,img_024.jpg
scrapper_target4_2,scrapper_target4,Morning routine #2,2025-02-02T19:31:44,img_002.jpg
scrapper_target4_43,scrapper_target4,Random thought #43,2025-02-02T20:56:32,img_043.jpg
scrapper_target4_26,scrapper_target4,Checking in from a new location #26,2025-02-03T00:38:52,img_026.jpg
scrapper_target4_49,scrapper_target4,Checking in from a new location #49,2025-02-04T11:01:36,img_049.jpg
scrapper_target4_27,scrapper_target4,Checking in from a new location #27,2025-02-06T22:25:18,
scrapper_target4_42,scrapper_target4,scrapper_target4 daily update #42,2025-02-08T13:01:28,
scrapper_target4_46,scrapper_target4,Travel snapshot #46,2025-02-09T06:48:04,
scrapper_target4_3,scrapper_target4,Morning routine #3,2025-02-09T14:31:55,
scrapper_target4_23,scrapper_target4,Sharing a moment #23,2025-02-11T15:32:33,
scrapper_target4_44,scrapper_target4,Morning routine #44,2025-02-12T00:44:11,img_044.jpg
scrapper_target4_30,scrapper_target4,Sharing a moment #30,2025-02-12T07:51:44,img_030.jpg
scrapper_target4_39,scrapper_target4,Routine activity log #39,2025-02-13T06:36:45,img_039.jpg
scrapper_target4_16,scrapper_target4,Morning routine #16,2025-02-13T10:06:31,
scrapper_target4_4,scrapper_target4,Random thought #4,2025-02-13T11:44:09,img_004.jpg
scrapper_target4_41,scrapper_target4,Morning routine #41,2025-02-14T21:24:04,img_041.jpg
scrapper_target4_12,scrapper_target4,Travel snapshot #12,2025-02-16T14:55:58,
scrapper_target4_34,scrapper_target4,Sharing a moment #34,2025-02-17T12:45:13,img_034.jpg
scrapper_target4_28,scrapper_target4,Evening post from scrapper_target4 #28,2025-02-17T23:43:03,img_028.jpg
scrapper_target4_8,scrapper_target4,scrapper_target4 daily update #8,2025-02-18T00:50:06,img_008.jpg
scrapper_target4_38,scrapper_target4,"Another day, another post #38",2025-02-18T12:26:59,img_038.jpg
scrapper_target4_5,scrapper_target4,Morning routine #5,2025-02-20T11:28:50,img_005.jpg
scrapper_target4_18,scrapper_target4,Evening post from scrapper_target4 #18,2025-02-21T02:48:51,img_018.jpg
scrapper_target4_6,scrapper_target4,Travel snapshot #6,2025-02-21T12:44:37,
scrapper_target4_37,scrapper_target4,Travel snapshot #37,2025-02-21T22:19:47,img_037.jpg
scrapper_target4_36,scrapper_target4,Random thought #36,2025-02-22T02:53:52,img_036.jpg
scrapper_target4_35,scrapper_target4,Travel snapshot #35,2025-02-23T17:47:07,img_035.jpg
scrapper_target4_1,scrapper_target4,"Another day, another post #1",2025-02-25T09:23:36,
scrapper_target4_17,scrapper_target4,Status update #17,2025-02-26T10:15:41,img_017.jpg
scrapper_target4_45,scrapper_target4,Checking in from a new location #45,2025-02-26T23:56:31,img_045.jpg
scrapper_target4_31,scrapper_target4,Checking in from a new location #31,2025-02-28T09:22:53,img_031.jpg
scrapper_target4_22,scrapper_target4,scrapper_target4 daily update #22,2025-03-01T21:48:30,img_022.jpg
scrapper_target4_10,scrapper_target4,Travel snapshot #10,2025-03-04T18:47:28,img_010.jpg
scrapper_target4_13,scrapper_target4,Routine activity log #13,2025-03-07T07:39:12,img_013.jpg
scrapper_target4_48,scrapper_target4,Random thought #48,2025-03-07T17:22:19,img_048.jpg
scrapper_target4_20,scrapper_target4,Random thought #20,2025-03-08T16:16:02,img_020.jpg
scrapper_target4_33,scrapper_target4,Checking in from a new location #33,2025-03-09T04:51:13,img_033.jpg
scrapper_target4_11,scrapper_target4,Morning routine #11,2025-03-11T01:15:32,
scrapper_target4_32,scrapper_target4,Morning routine #32,2025-03-11T04:57:13,img_032.jpg
scrapper_target4_47,scrapper_target4,Travel snapshot #47,2025-03-12T15:57:08,
