id,username,caption,timestamp,image_filename
scrapper_target6_40,scrapper_target6,Random thought #40,2025-01-13T08:23:34,
scrapper_target6_37,scrapper_target6,Checking in from a new location #37,2025-01-13T18:30:01,img_037.jpg
scrapper_target6_34,scrapper_target6,Sharing a moment #34,2025-01-16T02:59:06,img_034.jpg
scrapper_target6_7,scrapper_target6,Evening post from scrapper_target6 #7,2025-01-17T15:52:43,img_007.jpg
scrapper_target6_31,scrapper_target6,Routine activity log #31,2025-01-17T17:01:55,img_031.jpg
scrapper_target6_42,scrapper_target6,"Another day, another post #42",2025-01-17T20:08:53,
scrapper_target6_10,scrapper_target6,Routine activity log #10,2025-01-18T05:10:27,img_010.jpg
scrapper_target6_21,scrapper_target6,"Another day, another post #21",2025-01-18T12:05:54,img_021.jpg
scrapper_target6_46,scrapper_target6,scrapper_target6 daily update #46,2025-01-20T08:26:38,img_046.jpg
scrapper_target6_8,scrapper_target6,Sharing a moment #8,2025-01-22T22:18:20,img_008.jpg
scrapper_target6_35,scrapper_target6,Checking in from a new location #35,2025-01-23T00:08:38,
scrapper_target6_29,scrapper_target6,Random thought #29,2025-01-24T10:44:35,
scrapper_target6_5,scrapper_target6,Checking in from a new location #5,2025-01-28T02:14:22,img_005.jpg
scrapper_target6_14,scrapper_target6,Random thought #14,2025-01-28T05:36:50,img_014.jpg
scrapper_target6_17,scrapper_target6,Travel snapshot #17,2025-01-29T09:55:11,
scrapper_target6_16,scrapper_target6,Travel snapshot #16,2025-01-31T23:52:49,
scrapper_target6_3,scrapper_target6,Random thought #3,2025-02-03T02:01:03,img_003.jpg
scrapper_target6_43,scrapper_target6,Random thought #43,2025-02-03T17:00:18,
scrapper_target6_13,scrapper_target6,scrapper_target6 daily update #13,2025-02-05T22:21:50,img_013.jpg
scrapper_target6_6,scrapper_target6,Travel snapshot #6,2025-02-06T10:24:03,img_006.jpg
scrapper_target6_4,scrapper_target6,Checking in from a new location #4,2025-02-06T15:24:18,img_004.jpg
scrapper_target6_32,scrapper_target6,Sharing a moment #32,2025-02-09T09:53:12,
scrapper_target6_23,scrapper_target6,Checking in from a new location #23,2025-02-10T19:43:08,img_023.jpg
scrapper_target6_36,scrapper_target6,"Another day, another post #36",2025-02-11T08:58:20,img_036.jpg
scrapper_target6_33,scrapper_target6,Sharing a moment #33,2025-02-12T16:20:59,img_033.jpg
scrapper_target6_12,scrapper_target6,Sharing a moment #12,2025-02-13T09:29:00,
scrapper_target6_44,scrapper_target6,Morning routine #44,2025-02-13T12:24:41,img_044.jpg
scrapper_target6_9,scrapper_target6,Status update #9,2025-02-16T23:13:33,img_009.jpg
scrapper_target6_24,scrapper_target6,Random thought #24,2025-02-17T18:46:19,img_024.jpg
scrapper_target6_26,scrapper_target6,Random thought #26,2025-02-17T22:28:55,img_026.jpg
scrapper_target6_49,scrapper_target6,scrapper_target6 daily update #49,2025-02-19T00:01:47,img_049.jpg
scrapper_target6_48,scrapper_target6,scrapper_target6 daily update #48,2025-02-20T13:48:58,img_048.jpg
scrapper_target6_38,scrapper_target6,Travel snapshot #38,2025-02-20T21:43:49,
scrapper_target6_47,scrapper_target6,Sharing a moment #47,2025-02-21T03:17:39,img_047.jpg
scrapper_target6_20,scrapper_target6,Status update #20,2025-02-22T11:40:04,img_020.jpg
scrapper_target6_22,scrapper_target6,scrapper_target6 daily update #22,2025-02-23T17:59:13,img_022.jpg
scrapper_target6_28,scrapper_target6,Travel snapshot #28,2025-02-25T05:54:55,img_028.jpg
scrapper_target6_1,scrapper_target6,Random thought #1,2025-02-26T00:11:00,
scrapper_target6_11,scrapper_target6,Morning routine #11,2025-03-01T20:00:16,
scrapper_target6_39,scrapper_target6,Random thought #39,2025-03-04T01:18:39,
scrapper_target6_19,scrapper_target6,Sharing a moment #19,2025-03-04T11:14:21,img_019.jpg
scrapper_target6_25,scrapper_target6,Sharing a moment #25,2025-03-04T17:46:33,img_025.jpg
scrapper_target6_27,scrapper_target6,Morning routine #27,2025-03-06T16:24:48,img_027.jpg
scrapper_target6_45,scrapper_target6,Checking in from a new location #45,2025-03-07T23:13:18,img_045.jpg
scrapper_target6_18,scrapper_target6,Travel snapshot #18,2025-03-09T22:55:26,img_018.jpg
scrapper_target6_50,scrapper_target6,Routine activity log #50,2025-03-10T23:23:52,
scrapper_target6_41,scrapper_target6,Morning routine #41,2025-03-11T07:29:40,img_041.jpg
scrapper_target6_15,scrapper_target6,Evening post from scrapper_target6 #15,2025-03-11T07:45:08,
scrapper_target6_2,scrapper_target6,Morning routine #2,2025-03-11T23:17:56,
scrapper_target6_30,scrapper_target6,Sharing a moment #30,2025-03-12T14:17:26,img_030.jpg
